Tool Name,Best For,Coverage & Data Quality,Key Signals Available,Verdict
Cognism,European outbound with compliance built-in,Top-tier EU data quality with strong UK/US presence. Phone numbers especially accurate in Europe,"Company fundamentals, buying intent signals, extensive phone coverage",Best choice for GDPR-compliant European campaigns; onboarding takes some time
Crunchbase,Tracking startups and investment activity,Unmatched for startup ecosystem data worldwide,"Investment rounds, investor networks, financial metrics",Essential for targeting venture-backed companies
Lusha,Browser-based contact discovery,Effective for North American and European SMBs. Verify before outreach,"Phone numbers, email addresses, social links",Convenient for on-the-fly prospecting; accuracy can be inconsistent
Leadsforge,Specialized B2B prospecting needs,"Adequate coverage, verification advised","Standard firmographics, contact information",Works well for targeted scenarios
Kaspr,Extracting contacts directly from LinkedIn,Strong for EU and SMB contacts. Quality fluctuates—always verify,"Job titles, contact details, phone numbers",Smooth LinkedIn workflow with compliance focus; data consistency varies
Lead411,Capturing real-time sales signals,Strong North American and international data. Contact accuracy is high,"Company intelligence, purchase intent, recruitment activity, business events",Dependable source for fresh trigger-based prospecting
Listkit,Fast B2B data lookups,Expanding database with reasonable coverage,Core firmographics and contact information,Emerging option with growing data library
BuiltWith,Finding companies using specific technologies,Best-in-class tech stack intelligence across all markets,"Tech stack details, technology migrations, competitor analysis",Go-to tool for technographic targeting
Owler,Researching competitors and market landscape,Reliable for company monitoring and competitive analysis,"Business news, funding updates, competitive landscape",Helpful for competitor intelligence gathering
RocketReach,Finding individual contact details,Wide coverage with inconsistent accuracy,"Personal email addresses, phone numbers, social media profiles",Useful for ad-hoc contact searches; always verify data
http://Ocean.io,Finding similar companies for ABM campaigns,Leading platform for lookalike company matching,"Company profiles, technology adoption, similarity scores",Top pick for account-based strategies; contact data is limited
ZoomInfo,Enterprise sales teams targeting US companies,Industry-leading US coverage with regular refreshes. Phone data is exceptional; email quality varies,"Organization hierarchies, direct dial numbers, tech stack data",Premium data quality for US markets; significant investment required
http://Adapt.io,Prospecting within the tech industry,Specialized tech company database with solid reach,"Technology usage, company fundamentals",Strong niche focus for tech-focused campaigns
Apollo,Building targeted lists with built-in outreach,Solid US coverage with global reach. Email accuracy is reliable when verified,"Company details, tech stack data, job postings, funding rounds, buyer intent",Strong all-in-one platform for prospecting and engagement; watch for occasional stale data
Bookyourdata,Credits-based contact purchasing,"Inconsistent quality across sources, verification essential",Core firmographics and contacts,Pay-as-you-go pricing is flexible; validate data before use
Datagma,Cost-effective data enrichment,Developing dataset with acceptable quality,"Email addresses, phone numbers, social accounts",Wallet-friendly choice with reasonable data coverage
Coresignal,Enterprise-level firmographic intelligence,Extensive company-level data coverage,"Company information, workforce metrics, office locations",Powerful for organizational intelligence
LeadIQ,Streamlining prospecting into your CRM,Reliable coverage with native CRM connectors,"Contact information, job changes, triggering events",Ideal for teams wanting seamless CRM integration and automated workflows
http://Seamless.AI,Building large contact lists quickly,Extensive database but freshness varies widely. Always verify contacts,"Job titles, phone numbers, email addresses",High volume prospecting tool; data quality requires careful validation
PredictLeads,"B2B company intelligence data with real-time signals for GTM teams, VCs, and sales organizations","Tracks millions of companies globally. Fortune 500 customers. Data sourced from company websites, news sites, blogs, DNS records, and public repositories for high accuracy and freshness","Technographics (1B+ tech detections across 46K+ technologies), hiring intent from job postings, financing events, news events, company connections, similar companies, website evolution, GitHub repositories",Premium company intelligence platform with exceptional signal depth. API-first delivery integrates into existing workflows. Best for teams needing multi-signal buying intent data