Tool Name,AI Features,Best For,Verdict
http://Fireflies.ai,"Summaries, search, CRM sync",Affordable meeting transcription,Great value; good for most teams
http://Otter.ai,"Live transcription, summaries",Live transcription,Best real-time transcription
Fathom,"Summaries, action items, highlights",Free AI meeting notes,Best free option; surprisingly good AI
Aircall,"Call analytics, routing",Cloud phone system,Solid cloud phone; good integrations
Rumi.ai,"Meeting Memory™, X-Ray insights, transcription, CRM updates, global search",Company-wide meeting intelligence,"Delivers 80-90% of Gong's value across entire company, not just sales. More affordable than Gong/Clari with broader use cases"
PhoneBurner,Call analytics,Power dialing,Best for high-volume calling
Chili Piper,"Smart routing, handoff",Inbound lead routing + booking,Best for inbound conversion
Sybill,"Buyer engagement, deal risk, follow-ups",AI deal insights,Advanced AI for deal tracking
Grain,"Highlights, clips, team sharing",Team collaboration on calls,Best for team collaboration on recordings
Orum,"AI voicemail drop, detection",AI-powered parallel dialing,Most advanced AI dialer
Nooks,"Virtual SDR, call coaching",AI dialer for SDR teams,Modern AI-first dialer
Chorus (ZoomInfo),"Call analysis, coaching, deal insights",Conversation intelligence,Strong Gong competitor; ZoomInfo integration
Calendly,"Routing, workflows",Meeting scheduling,Best scheduling tool; simple and effective
Gong,"Deal insights, coaching, forecasting",Revenue intelligence & deal tracking,Industry leader for revenue intelligence; expensive