Tool Name,AI Features,Best For,Content Types,Verdict
Speel,"Realistic AI avatar generator, product holding, outfit swapping, magic edit, skin enhancer, 35+ languages",AI UGC video creation for product marketing,"UGC videos, product demos, influencer-style videos, TikTok/Reels ads",Fast AI UGC video generation with hyper-realistic avatars. Perfect for brands creating product videos without hiring creators
Higgsfield,"Multiple AI models (Kling, Nano Banana Pro, Soul ID), motion control up to 30s, lipsync studio, video editing, 4K upscale, character creation",Cinematic AI video & image generation,"AI videos, AI images, talking clips, video editing, motion graphics",Powerful multi-model platform for professional AI content. Best for cinematic quality and flexible workflows
Pictory,"Script-to-video, auto-captions, scene detection, voice-over",Text-to-video for content repurposing,"Social videos, blog-to-video, highlight reels",Fastest way to repurpose blog content into video. Solid for LinkedIn video posts
Runway,"Text-to-video, video editing, motion tracking, green screen removal",Advanced AI video editing,"Video ads, social content, motion graphics",Powerful AI video tools for creative teams. Steep learning curve
http://Beautiful.ai,"Smart templates, auto-formatting, design suggestions",Auto-formatted presentations,"Sales decks, pitch decks, reports",Creates on-brand decks with zero design skills. Limited customization vs Figma
Canva,"AI image generation, Magic Write, background remover, auto-design","Quick, professional designs for social & ads","Social posts, ads, presentations, infographics, video","Best all-rounder for GTM teams who need fast, branded content without designers"
Midjourney,"Text-to-image, style consistency, image variations",High-quality AI image generation,"Ad creatives, social imagery, illustrations",Best AI image quality. Requires Discord. Learning curve for prompts
Gamma,"AI content generation, auto-formatting, smart layouts",AI-powered presentations & docs,"Presentations, documents, web pages",Creates beautiful decks faster than PowerPoint. Great for sales collateral & pitch decks
Synthesia,"AI avatars, 120+ languages, voice cloning, brand templates",Enterprise AI video at scale,"Training videos, product demos, personalized videos","Enterprise-grade avatar videos. Better production quality than HeyGen, higher price point"
Figma,"AI design suggestions, auto-layout, smart selection",Professional design & prototyping,"UI/UX design, landing pages, brand assets, presentations","Industry standard for design teams. Overkill for basic GTM content, essential for brand work"
Leonardo AI,"Text-to-image, image-to-image, consistent characters, canvas editing",Consistent AI images for brands,"Product visuals, marketing images, illustrations",Better for consistent brand imagery than Midjourney. Easier interface
HeyGen,"AI avatars, voice cloning, lip-sync translation, script-to-video",AI avatar videos for outbound & content,"Video ads, personalized video messages, product demos",Creates studio-quality avatar videos fast. Perfect for personalized video outreach at scale