Tool Name,Accuracy Rating,Best For,Catch-All Support,Pricing (10k credits),Verdict
MillionVerifier,Solid accuracy,High-volume verification at scale,Yes,$8-12 (volume discounts),Cheap at scale; solid accuracy for bulk verification
ZeroBounce,Very good,Advanced verification features,Yes,$15-20,Comprehensive features; higher price point
Reoon,Among the best,#1 RECOMMENDATION: Best balance of cost and accuracy,Yes,$11.9,Great balance of cost and accuracy. Top choice for most teams.
BounceBank,Specialized,Catch-all validation,Yes,Custom,Specialized for catch-all verification
EmailListVerify,Average,Simple bulk verification,No,$8-12,Basic verification; limited catch-all
NeverBounce,Good,Catch-all verification,Yes,$12-18,Good for catch-all verification specifically
Bouncer,Good,API-first verification,Yes,$10-15,Strong API; good for tech teams
Anymail Finder,Good for finding,Email finding + verification,Yes,Credit-based,Dual-purpose tool; better for finding than verification
DeBounce,Decent,Budget verification,Yes,$6-10,Budget option; adequate for basic needs
Scrubby,Good,Real-time verification,Yes,$10-15,Good for real-time validation workflows