Tool Name,Best For,Deliverability Focus,Verdict,Warmup Quality
EmailBison,Agencies and volume cold email,One of the best; private IPs,Smaller player; limited features,Excellent
Smartlead,Advanced multi-domain management,Handles multi-domain smoothly,Handles multi-domain scale smoothly; strong deliverability features,Excellent
Instantly,Multi-domain scale with strong deliverability,Strong with proper setup,"Scales well and lands primary when caps, warmup, and list hygiene are dialed",Excellent
http://Mailead.io,Unlimited cold email with automation,Volume-focused,Budget option for high-volume sending. Quality varies,Basic
MailOptimal,AI email warm-up for deliverability,Dedicated warmup tool,Standalone warmup option if your sequencer doesn't have it,Excellent
Lemlist,Creative personalization + warmup,Lemwarm is strong,"Lemwarm lifts placement, but domain health and list quality decide outcomes",Excellent
ReachInbox,Unlimited AI cold email automation,AI-powered sequences,Newer player with AI focus. Limited track record,Good
http://PlusVibe.ai,AI-powered sequences,AI focus,Newer AI-focused tool; limited track record,Basic
http://Mails.ai,AI email generation,AI focus,AI-focused; unproven for serious scale,Basic
http://Reply.io,Multi-channel sequences,Multi-channel approach,Strong multi-channel capabilities beyond just email,Good
Mailshake,Simple campaigns,Basic deliverability,Simple tool for basic needs; limited advanced features,Basic
Woodpecker,"Simple, reliable outreach",Solid for straightforward campaigns,Reliable for basic campaigns; less advanced than competitors,Good
Saleshandy,Budget cold email,Budget option,Budget-friendly; basic features,Basic
http://Snov.io,Email finding + sending combo,Combined tool,Decent for combined finding + sending; not specialized,Basic
QuickMail,Agency-friendly multi-client setup,Client management focus,Good for agencies managing multiple clients,Good