Tool Name,Best For,Complexity,Team Size,Verdict
Attio,"Modern, flexible CRM for startups",Medium,1-50,Most modern interface; extremely flexible for GTM teams
Freshsales,Budget-friendly full CRM,Medium,5-100,Good feature set for the price
Pipedrive,Sales-focused pipeline management,Simple,1-100,"Simple, visual pipeline management; great UX"
HubSpot,All-in-one marketing + sales,Medium,5-500+,Best free CRM; strong for inbound + nurture
Breakcold,Social selling CRM,Simple,1-20,Unique social selling focus; good for modern GTM
Folk,Personal CRM for networking,Simple,1-10,Best for relationship-based selling
Close,Inside sales teams,Medium,5-50,Built for calling; strong for inside sales
Airtable,Flexible database + CRM hybrid,Medium,1-50,Most flexible; requires setup but very powerful
Salesforce,Enterprise sales organizations,Advanced,50+,Most powerful but complex; enterprise-grade
GHL (GoHighLevel),Agency client management,Medium,Agencies,Best for agencies managing multiple clients